{
  "age_price_distribution": {
    "18-25": {
      "low": 41.249931017750434,
      "medium": 42.129137754196485,
      "high": 16.620931228053077
    },
    "26-35": {
      "low": 38.653139901736544,
      "medium": 40.97214029372476,
      "high": 20.374719804538692
    },
    "36-50": {
      "low": 39.84561221830953,
      "medium": 41.18489082596248,
      "high": 18.969496955727983
    },
    "51-65": {
      "low": 35.180414588248844,
      "medium": 42.813678199511415,
      "high": 22.00590721223974
    }
  },
  "age_category_distribution": {
    "18-25": {
      "tops": 34.667225558802286,
      "bottoms": 33.511828385969835,
      "dresses": 19.409362431666004,
      "shoes": 1.8268764219402003,
      "accessories": 4.380330590987999,
      "outerwear": 6.204376610633687
    },
    "26-35": {
      "tops": 33.438164253091884,
      "bottoms": 32.57462060788543,
      "dresses": 21.614390964012838,
      "shoes": 2.2539070269932955,
      "accessories": 3.449728350955744,
      "outerwear": 6.669188797060809
    },
    "36-50": {
      "tops": 31.994135821336446,
      "bottoms": 35.88502482769801,
      "dresses": 20.072801343676794,
      "shoes": 1.8985601577856153,
      "accessories": 2.9993324164719435,
      "outerwear": 7.150145433031192
    },
    "51-65": {
      "tops": 33.41368763781774,
      "bottoms": 34.037820981188844,
      "dresses": 20.274150102507186,
      "shoes": 1.7012787861199992,
      "accessories": 2.544077465006518,
      "outerwear": 8.02898502735972
    }
  },
  "price_frequency_distribution": {
    "low": {
      "weekly": 21.97897454813722,
      "monthly": 51.849870896348214,
      "occasionally": 26.17115455551457
    },
    "medium": {
      "weekly": 21.715248475450654,
      "monthly": 55.13202820975414,
      "occasionally": 23.152723314795214
    },
    "high": {
      "weekly": 24.618938214876852,
      "monthly": 40.80757923861755,
      "occasionally": 34.573482546505595
    }
  },
  "overall_frequency": {
    "weekly": 22.01927578015286,
    "monthly": 53.27974818113809,
    "occasionally": 24.700976038709058
  },
  "overall_category": {
    "bottoms": 33.8838222075709,
    "tops": 33.394741830633706,
    "dresses": 20.435739922119705,
    "outerwear": 6.946652729962559,
    "accessories": 3.383497979792115,
    "shoes": 1.9555453299210115
  }
}